{"highest_m2m": 0, "Current M2M": -80.00000000000205, "Stoploss Price": -940.0000000000014, "Position": "squareoff", "leg1": 200, "leg2": 200, "leg3": 200, "leg4": 200, "Date": "2024-06-20"}