{"highest_m2m": 0, "Current M2M": 125.00000000000182, "Stoploss Price": -2024.9999999999989, "Position": "squareoff", "leg1": 200, "leg2": 200, "leg3": 200, "leg4": 200, "Date": "2024-06-20"}