{"highest_m2m": 0, "Current M2M": 559.9999999999977, "Stoploss Price": -2160.000000000001, "Position": "squareoff", "leg1": 200, "leg2": 200, "leg3": 200, "leg4": 200, "Date": "2024-06-20"}