{"highest_m2m": 0, "Current M2M": -3397.500000000001, "Stoploss Price": -2452.500000000002, "Position": "squareoff", "leg1": 200, "leg2": 200, "leg3": 200, "leg4": 200, "Date": "2024-06-20"}