{"highest_m2m": 7275.000000000005, "Current M2M": -8825.000000000018, "Stoploss Price": -22724.999999999996, "Position": "sell", "leg1": 200, "leg2": 200, "leg3": 200, "leg4": 200, "Date": "2024-07-02"}