{"highest_m2m": 0, "Current M2M": -2212.500000000004, "Stoploss Price": -2025.0000000000002, "Position": "squareoff", "leg1": 200, "leg2": 200, "leg3": 200, "leg4": 200, "Date": "2024-06-20"}