{"highest_m2m": 0, "Current M2M": 507.5000000000008, "Stoploss Price": -2335.0000000000005, "Position": "squareoff", "leg1": 200, "leg2": 200, "leg3": 200, "leg4": 200, "Date": "2024-06-20"}