{"highest_m2m": 0, "Current M2M": -2493.750000000002, "Stoploss Price": -2358.7500000000023, "Position": "squareoff", "leg1": 200, "leg2": 200, "leg3": 200, "leg4": 200, "Date": "2024-06-20"}