{"highest_m2m": 0, "Current M2M": 1741.2499999999993, "Stoploss Price": -698.7500000000018, "Position": "squareoff", "leg1": 200, "leg2": 200, "leg3": 200, "leg4": 200, "Date": "2024-06-20"}