{"highest_m2m": 0, "Current M2M": 78.74999999999886, "Stoploss Price": -2229.9999999999995, "Position": "squareoff", "leg1": 200, "leg2": 200, "leg3": 200, "leg4": 200, "Date": "2024-06-20"}